AC	Ascension
AD	Andorra
AE	De forente arabiske emirater
AF	Afghanistan
AG	Antigua og Barbuda
AI	Anguilla
AL	Albania
AM	Armenia
AO	Angola
AR	Argentina
AS	Amerikansk Samoa
AT	Østerrike
AU	Australia
AW	Aruba
AX	Åland
AZ	Aserbajdsjan
BA	Bosnia-Hercegovina
BB	Barbados
BD	Bangladesh
BE	Belgia
BF	Burkina Faso
BG	Bulgaria
BH	Bahrain
BI	Burundi
BJ	Benin
BL	Saint-Barthélemy
BM	Bermuda
BN	Brunei
BO	Bolivia
BQ	Karibisk Nederland
BR	Brasil
BS	Bahamas
BT	Bhutan
BW	Botswana
BY	Hviterussland
BZ	Belize
CA	Canada
CC	Kokosøyene
CD	Kongo-Kinshasa
CF	Den sentralafrikanske republikk
CG	Kongo-Brazzaville
CH	Sveits
CI	Elfenbenskysten
CK	Cookøyene
CL	Chile
CM	Kamerun
CN	Kina
CO	Colombia
CR	Costa Rica
CU	Cuba
CV	Kapp Verde
CW	Curaçao
CX	Christmasøya
CY	Kypros
CZ	Tsjekkia
DE	Tyskland
DJ	Djibouti
DK	Danmark
DM	Dominica
DO	Den dominikanske republikk
DZ	Algerie
EC	Ecuador
EE	Estland
EG	Egypt
ER	Eritrea
ES	Spania
ET	Etiopia
FI	Finland
FJ	Fiji
FK	Falklandsøyene
FM	Mikronesiaføderasjonen
FO	Færøyene
FR	Frankrike
GA	Gabon
GB	Storbritannia
GD	Grenada
GE	Georgia
GF	Fransk Guyana
GG	Guernsey
GH	Ghana
GI	Gibraltar
GL	Grønland
GM	Gambia
GN	Guinea
GP	Guadeloupe
GQ	Ekvatorial-Guinea
GR	Hellas
GT	Guatemala
GU	Guam
GW	Guinea-Bissau
GY	Guyana
HK	Hongkong S.A.R. Kina
HN	Honduras
HR	Kroatia
HT	Haiti
HU	Ungarn
ID	Indonesia
IE	Irland
IL	Israel
IM	Man
IN	India
IO	Det britiske territoriet i Indiahavet
IQ	Irak
IR	Iran
IS	Island
IT	Italia
JE	Jersey
JM	Jamaica
JO	Jordan
JP	Japan
KE	Kenya
KG	Kirgisistan
KH	Kambodsja
KI	Kiribati
KM	Komorene
KN	Saint Kitts og Nevis
KP	Nord-Korea
KR	Sør-Korea
KW	Kuwait
KY	Caymanøyene
KZ	Kasakhstan
LA	Laos
LB	Libanon
LC	St. Lucia
LI	Liechtenstein
LK	Sri Lanka
LR	Liberia
LS	Lesotho
LT	Litauen
LU	Luxemburg
LV	Latvia
LY	Libya
MA	Marokko
MC	Monaco
MD	Moldova
ME	Montenegro
MF	Saint-Martin
MG	Madagaskar
MH	Marshalløyene
MK	Nord-Makedonia
ML	Mali
MM	Myanmar (Burma)
MN	Mongolia
MO	Macao S.A.R. Kina
MP	Nord-Marianene
MQ	Martinique
MR	Mauritania
MS	Montserrat
MT	Malta
MU	Mauritius
MV	Maldivene
MW	Malawi
MX	Mexico
MY	Malaysia
MZ	Mosambik
NA	Namibia
NC	Ny-Caledonia
NE	Niger
NF	Norfolkøya
NG	Nigeria
NI	Nicaragua
NL	Nederland
NO	Norge
NP	Nepal
NR	Nauru
NU	Niue
NZ	New Zealand
OM	Oman
PA	Panama
PE	Peru
PF	Fransk Polynesia
PG	Papua Ny-Guinea
PH	Filippinene
PK	Pakistan
PL	Polen
PM	Saint-Pierre-et-Miquelon
PR	Puerto Rico
PS	Det palestinske området
PT	Portugal
PW	Palau
PY	Paraguay
QA	Qatar
RE	Réunion
RO	Romania
RS	Serbia
RU	Russland
RW	Rwanda
SA	Saudi-Arabia
SB	Salomonøyene
SC	Seychellene
SD	Sudan
SE	Sverige
SG	Singapore
SH	St. Helena
SI	Slovenia
SJ	Svalbard og Jan Mayen
SK	Slovakia
SL	Sierra Leone
SM	San Marino
SN	Senegal
SO	Somalia
SR	Surinam
SS	Sør-Sudan
ST	São Tomé og Príncipe
SV	El Salvador
SX	Sint Maarten
SY	Syria
SZ	Eswatini
TC	Turks- og Caicosøyene
TD	Tsjad
TG	Togo
TH	Thailand
TJ	Tadsjikistan
TK	Tokelau
TL	Øst-Timor
TM	Turkmenistan
TN	Tunisia
TO	Tonga
TR	Tyrkia
TT	Trinidad og Tobago
TV	Tuvalu
TW	Taiwan
TZ	Tanzania
UA	Ukraina
UG	Uganda
US	USA
UY	Uruguay
UZ	Usbekistan
VA	Vatikanstaten
VC	St. Vincent og Grenadinene
VE	Venezuela
VG	De britiske jomfruøyene
VI	De amerikanske jomfruøyene
VN	Vietnam
VU	Vanuatu
WF	Wallis og Futuna
WS	Samoa
XK	Kosovo
YE	Jemen
YT	Mayotte
ZA	Sør-Afrika
ZM	Zambia
ZW	Zimbabwe
