AC	એસેન્શન આઇલેન્ડ
AD	ઍંડોરા
AE	યુનાઇટેડ આરબ અમીરાત
AF	અફઘાનિસ્તાન
AG	ઍન્ટિગુઆ અને બર્મુડા
AI	ઍંગ્વિલા
AL	અલ્બેનિયા
AM	આર્મેનિયા
AO	અંગોલા
AR	આર્જેન્ટીના
AS	અમેરિકન સમોઆ
AT	ઑસ્ટ્રિયા
AU	ઑસ્ટ્રેલિયા
AW	અરુબા
AX	ઑલેન્ડ આઇલેન્ડ્સ
AZ	અઝરબૈજાન
BA	બોસ્નિયા અને હર્ઝેગોવિના
BB	બારબાડોસ
BD	બાંગ્લાદેશ
BE	બેલ્જીયમ
BF	બુર્કિના ફાસો
BG	બલ્ગેરિયા
BH	બેહરીન
BI	બુરુંડી
BJ	બેનિન
BL	સેંટ બાર્થેલેમી
BM	બર્મુડા
BN	બ્રુનેઇ
BO	બોલિવિયા
BQ	કેરેબિયન નેધરલેન્ડ્ઝ
BR	બ્રાઝિલ
BS	બહામાસ
BT	ભૂટાન
BW	બોત્સ્વાના
BY	બેલારુસ
BZ	બેલીઝ
CA	કેનેડા
CC	કોકોઝ (કીલીંગ) આઇલેન્ડ્સ
CD	કોંગો - કિંશાસા
CF	સેન્ટ્રલ આફ્રિકન રિપબ્લિક
CG	કોંગો - બ્રાઝાવિલે
CH	સ્વિટ્ઝર્લૅન્ડ
CI	કોટ ડીઆઇવરી
CK	કુક આઇલેન્ડ્સ
CL	ચિલી
CM	કૅમરૂન
CN	ચીન
CO	કોલમ્બિયા
CR	કોસ્ટા રિકા
CU	ક્યુબા
CV	કૅપ વર્ડે
CW	ક્યુરાસાઓ
CX	ક્રિસમસ આઇલેન્ડ
CY	સાયપ્રસ
CZ	ચેકીયા
DE	જર્મની
DJ	જીબૌટી
DK	ડેનમાર્ક
DM	ડોમિનિકા
DO	ડોમિનિકન રિપબ્લિક
DZ	અલ્જીરિયા
EC	એક્વાડોર
EE	એસ્ટોનિયા
EG	ઇજિપ્ત
ER	એરિટ્રિયા
ES	સ્પેન
ET	ઇથિઓપિયા
FI	ફિનલેન્ડ
FJ	ફીજી
FK	ફૉકલેન્ડ આઇલેન્ડ્સ
FM	માઇક્રોનેશિયા
FO	ફેરો આઇલેન્ડ્સ
FR	ફ્રાંસ
GA	ગેબન
GB	યુનાઇટેડ કિંગડમ
GD	ગ્રેનેડા
GE	જ્યોર્જિયા
GF	ફ્રેંચ ગયાના
GG	ગ્વેર્નસે
GH	ઘાના
GI	જીબ્રાલ્ટર
GL	ગ્રીનલેન્ડ
GM	ગેમ્બિયા
GN	ગિની
GP	ગ્વાડેલોપ
GQ	ઇક્વેટોરિયલ ગિની
GR	ગ્રીસ
GT	ગ્વાટેમાલા
GU	ગ્વામ
GW	ગિની-બિસાઉ
GY	ગયાના
HK	હોંગકોંગ SAR ચીન
HN	હોન્ડુરસ
HR	ક્રોએશિયા
HT	હૈતિ
HU	હંગેરી
ID	ઇન્ડોનેશિયા
IE	આયર્લેન્ડ
IL	ઇઝરાઇલ
IM	આઇલ ઑફ મેન
IN	ભારત
IO	બ્રિટિશ ઇન્ડિયન ઓશન ટેરિટરી
IQ	ઇરાક
IR	ઈરાન
IS	આઇસલેન્ડ
IT	ઇટાલી
JE	જર્સી
JM	જમૈકા
JO	જોર્ડન
JP	જાપાન
KE	કેન્યા
KG	કિર્ગિઝ્સ્તાન
KH	કંબોડિયા
KI	કિરિબાટી
KM	કોમોરસ
KN	સેંટ કિટ્સ અને નેવિસ
KP	ઉત્તર કોરિયા
KR	દક્ષિણ કોરિયા
KW	કુવૈત
KY	કેમેન આઇલેન્ડ્સ
KZ	કઝાકિસ્તાન
LA	લાઓસ
LB	લેબનોન
LC	સેંટ લુસિયા
LI	લૈચટેંસ્ટેઇન
LK	શ્રીલંકા
LR	લાઇબેરિયા
LS	લેસોથો
LT	લિથુઆનિયા
LU	લક્ઝમબર્ગ
LV	લાત્વિયા
LY	લિબિયા
MA	મોરોક્કો
MC	મોનાકો
MD	મોલડોવા
ME	મૉન્ટેનેગ્રો
MF	સેંટ માર્ટિન
MG	મેડાગાસ્કર
MH	માર્શલ આઇલેન્ડ્સ
MK	ઉત્તર મેસેડોનિયા
ML	માલી
MM	મ્યાંમાર (બર્મા)
MN	મંગોલિયા
MO	મકાઉ SAR ચીન
MP	ઉત્તરી મારિયાના આઇલેન્ડ્સ
MQ	માર્ટીનીક
MR	મૌરિટાનિયા
MS	મોંટસેરાત
MT	માલ્ટા
MU	મોરિશિયસ
MV	માલદિવ્સ
MW	માલાવી
MX	મેક્સિકો
MY	મલેશિયા
MZ	મોઝામ્બિક
NA	નામિબિયા
NC	ન્યુ સેલેડોનિયા
NE	નાઇજર
NF	નોરફોક આઇલેન્ડ્સ
NG	નાઇજેરિયા
NI	નિકારાગુઆ
NL	નેધરલેન્ડ્સ
NO	નૉર્વે
NP	નેપાળ
NR	નૌરુ
NU	નીયુ
NZ	ન્યુઝીલેન્ડ
OM	ઓમાન
PA	પનામા
PE	પેરુ
PF	ફ્રેંચ પોલિનેશિયા
PG	પાપુઆ ન્યૂ ગિની
PH	ફિલિપિન્સ
PK	પાકિસ્તાન
PL	પોલેંડ
PM	સેંટ પીએરી અને મિક્યુલોન
PR	પ્યુઅર્ટો રિકો
PS	પેલેસ્ટિનિયન ટેરિટરી
PT	પોર્ટુગલ
PW	પલાઉ
PY	પેરાગ્વે
QA	કતાર
RE	રીયુનિયન
RO	રોમાનિયા
RS	સર્બિયા
RU	રશિયા
RW	રવાંડા
SA	સાઉદી અરેબિયા
SB	સોલોમન આઇલેન્ડ્સ
SC	સેશેલ્સ
SD	સુદાન
SE	સ્વીડન
SG	સિંગાપુર
SH	સેંટ હેલેના
SI	સ્લોવેનિયા
SJ	સ્વાલબર્ડ અને જેન મેયન
SK	સ્લોવેકિયા
SL	સીએરા લેઓન
SM	સૅન મેરિનો
SN	સેનેગલ
SO	સોમાલિયા
SR	સુરીનામ
SS	દક્ષિણ સુદાન
ST	સાઓ ટૉમ અને પ્રિંસિપે
SV	એલ સેલ્વાડોર
SX	સિંટ માર્ટેન
SY	સીરિયા
SZ	એસ્વાટીની
TC	તુર્ક્સ અને કેકોઝ આઇલેન્ડ્સ
TD	ચાડ
TG	ટોગો
TH	થાઇલેંડ
TJ	તાજીકિસ્તાન
TK	ટોકેલાઉ
TL	તિમોર-લેસ્તે
TM	તુર્કમેનિસ્તાન
TN	ટ્યુનિશિયા
TO	ટોંગા
TR	તુર્કી
TT	ટ્રિનીદાદ અને ટોબેગો
TV	તુવાલુ
TW	તાઇવાન
TZ	તાંઝાનિયા
UA	યુક્રેન
UG	યુગાંડા
US	યુનાઇટેડ સ્ટેટ્સ
UY	ઉરુગ્વે
UZ	ઉઝ્બેકિસ્તાન
VA	વેટિકન સિટી
VC	સેંટ વિન્સેંટ અને ગ્રેનેડાઇંસ
VE	વેનેઝુએલા
VG	બ્રિટિશ વર્જિન આઇલેન્ડ્સ
VI	યુએસ વર્જિન આઇલેન્ડ્સ
VN	વિયેતનામ
VU	વાનુઆતુ
WF	વૉલિસ અને ફ્યુચુના
WS	સમોઆ
XK	કોસોવો
YE	યમન
YT	મેયોટ
ZA	દક્ષિણ આફ્રિકા
ZM	ઝામ્બિયા
ZW	ઝિમ્બાબ્વે
