AC	ਅਸੈਂਸ਼ਨ ਟਾਪੂ
AD	ਅੰਡੋਰਾ
AE	ਸੰਯੁਕਤ ਅਰਬ ਅਮੀਰਾਤ
AF	ਅਫ਼ਗਾਨਿਸਤਾਨ
AG	ਐਂਟੀਗੁਆ ਅਤੇ ਬਾਰਬੁਡਾ
AI	ਅੰਗੁਇਲਾ
AL	ਅਲਬਾਨੀਆ
AM	ਅਰਮੀਨੀਆ
AO	ਅੰਗੋਲਾ
AR	ਅਰਜਨਟੀਨਾ
AS	ਅਮੈਰੀਕਨ ਸਮੋਆ
AT	ਆਸਟਰੀਆ
AU	ਆਸਟ੍ਰੇਲੀਆ
AW	ਅਰੂਬਾ
AX	ਅਲੈਂਡ ਟਾਪੂ
AZ	ਅਜ਼ਰਬਾਈਜਾਨ
BA	ਬੋਸਨੀਆ ਅਤੇ ਹਰਜ਼ੇਗੋਵੀਨਾ
BB	ਬਾਰਬਾਡੋਸ
BD	ਬੰਗਲਾਦੇਸ਼
BE	ਬੈਲਜੀਅਮ
BF	ਬੁਰਕੀਨਾ ਫ਼ਾਸੋ
BG	ਬੁਲਗਾਰੀਆ
BH	ਬਹਿਰੀਨ
BI	ਬੁਰੁੰਡੀ
BJ	ਬੇਨਿਨ
BL	ਸੇਂਟ ਬਾਰਥੇਲੇਮੀ
BM	ਬਰਮੂਡਾ
BN	ਬਰੂਨੇਈ
BO	ਬੋਲੀਵੀਆ
BQ	ਕੈਰੇਬੀਆਈ ਨੀਦਰਲੈਂਡ
BR	ਬ੍ਰਾਜ਼ੀਲ
BS	ਬਹਾਮਾਸ
BT	ਭੂਟਾਨ
BW	ਬੋਤਸਵਾਨਾ
BY	ਬੇਲਾਰੂਸ
BZ	ਬੇਲੀਜ਼
CA	ਕੈਨੇਡਾ
CC	ਕੋਕੋਸ (ਕੀਲਿੰਗ) ਟਾਪੂ
CD	ਕਾਂਗੋ - ਕਿੰਸ਼ਾਸਾ
CF	ਕੇਂਦਰੀ ਅਫ਼ਰੀਕੀ ਗਣਰਾਜ
CG	ਕਾਂਗੋ - ਬ੍ਰਾਜ਼ਾਵਿਲੇ
CH	ਸਵਿਟਜ਼ਰਲੈਂਡ
CI	ਕੋਟ ਡੀਵੋਆਰ
CK	ਕੁੱਕ ਟਾਪੂ
CL	ਚਿਲੀ
CM	ਕੈਮਰੂਨ
CN	ਚੀਨ
CO	ਕੋਲੰਬੀਆ
CR	ਕੋਸਟਾ ਰੀਕਾ
CU	ਕਿਊਬਾ
CV	ਕੇਪ ਵਰਡੇ
CW	ਕੁਰਾਕਾਓ
CX	ਕ੍ਰਿਸਮਿਸ ਟਾਪੂ
CY	ਸਾਇਪ੍ਰਸ
CZ	ਚੈਕੀਆ
DE	ਜਰਮਨੀ
DJ	ਜ਼ੀਬੂਤੀ
DK	ਡੈਨਮਾਰਕ
DM	ਡੋਮੀਨਿਕਾ
DO	ਡੋਮੀਨਿਕਾਈ ਗਣਰਾਜ
DZ	ਅਲਜੀਰੀਆ
EC	ਇਕਵੇਡੋਰ
EE	ਇਸਟੋਨੀਆ
EG	ਮਿਸਰ
ER	ਇਰੀਟ੍ਰਿਆ
ES	ਸਪੇਨ
ET	ਇਥੋਪੀਆ
FI	ਫਿਨਲੈਂਡ
FJ	ਫ਼ਿਜੀ
FK	ਫ਼ਾਕਲੈਂਡ ਟਾਪੂ
FM	ਮਾਇਕ੍ਰੋਨੇਸ਼ੀਆ
FO	ਫੈਰੋ ਟਾਪੂ
FR	ਫ਼ਰਾਂਸ
GA	ਗਬੋਨ
GB	ਯੂਨਾਈਟਡ ਕਿੰਗਡਮ
GD	ਗ੍ਰੇਨਾਡਾ
GE	ਜਾਰਜੀਆ
GF	ਫਰੈਂਚ ਗੁਇਆਨਾ
GG	ਗਰਨਜੀ
GH	ਘਾਨਾ
GI	ਜਿਬਰਾਲਟਰ
GL	ਗ੍ਰੀਨਲੈਂਡ
GM	ਗੈਂਬੀਆ
GN	ਗਿਨੀ
GP	ਗੁਆਡੇਲੋਪ
GQ	ਭੂ-ਖੰਡੀ ਗਿਨੀ
GR	ਗ੍ਰੀਸ
GT	ਗੁਆਟੇਮਾਲਾ
GU	ਗੁਆਮ
GW	ਗਿਨੀ-ਬਿਸਾਉ
GY	ਗੁਯਾਨਾ
HK	ਹਾਂਗ ਕਾਂਗ ਐਸਏਆਰ ਚੀਨ
HN	ਹੋਂਡੁਰਸ
HR	ਕਰੋਏਸ਼ੀਆ
HT	ਹੈਤੀ
HU	ਹੰਗਰੀ
ID	ਇੰਡੋਨੇਸ਼ੀਆ
IE	ਆਇਰਲੈਂਡ
IL	ਇਜ਼ਰਾਈਲ
IM	ਆਇਲ ਆਫ ਮੈਨ
IN	ਭਾਰਤ
IO	ਬਰਤਾਨਵੀ ਹਿੰਦ ਮਹਾਂਸਾਗਰ ਖਿੱਤਾ
IQ	ਇਰਾਕ
IR	ਈਰਾਨ
IS	ਆਈਸਲੈਂਡ
IT	ਇਟਲੀ
JE	ਜਰਸੀ
JM	ਜਮਾਇਕਾ
JO	ਜਾਰਡਨ
JP	ਜਪਾਨ
KE	ਕੀਨੀਆ
KG	ਕਿਰਗਿਜ਼ਸਤਾਨ
KH	ਕੰਬੋਡੀਆ
KI	ਕਿਰਬਾਤੀ
KM	ਕੋਮੋਰੋਸ
KN	ਸੇਂਟ ਕਿਟਸ ਐਂਡ ਨੇਵਿਸ
KP	ਉੱਤਰ ਕੋਰੀਆ
KR	ਦੱਖਣ ਕੋਰੀਆ
KW	ਕੁਵੈਤ
KY	ਕੇਮੈਨ ਟਾਪੂ
KZ	ਕਜ਼ਾਖਸਤਾਨ
LA	ਲਾਓਸ
LB	ਲੈਬਨਾਨ
LC	ਸੇਂਟ ਲੂਸੀਆ
LI	ਲਿਚੇਂਸਟਾਇਨ
LK	ਸ੍ਰੀ ਲੰਕਾ
LR	ਲਾਈਬੀਰੀਆ
LS	ਲੇਸੋਥੋ
LT	ਲਿਥੁਆਨੀਆ
LU	ਲਕਜ਼ਮਬਰਗ
LV	ਲਾਤਵੀਆ
LY	ਲੀਬੀਆ
MA	ਮੋਰੱਕੋ
MC	ਮੋਨਾਕੋ
MD	ਮੋਲਡੋਵਾ
ME	ਮੋਂਟੇਨੇਗਰੋ
MF	ਸੇਂਟ ਮਾਰਟਿਨ
MG	ਮੈਡਾਗਾਸਕਰ
MH	ਮਾਰਸ਼ਲ ਟਾਪੂ
MK	ਉੱਤਰੀ ਮੈਕਡੋਨੀਆ
ML	ਮਾਲੀ
MM	ਮਿਆਂਮਾਰ (ਬਰਮਾ)
MN	ਮੰਗੋਲੀਆ
MO	ਮਕਾਉ ਐਸਏਆਰ ਚੀਨ
MP	ਉੱਤਰੀ ਮਾਰੀਆਨਾ ਟਾਪੂ
MQ	ਮਾਰਟੀਨਿਕ
MR	ਮੋਰਿਟਾਨੀਆ
MS	ਮੋਂਟਸੇਰਾਤ
MT	ਮਾਲਟਾ
MU	ਮੌਰੀਸ਼ਸ
MV	ਮਾਲਦੀਵ
MW	ਮਲਾਵੀ
MX	ਮੈਕਸੀਕੋ
MY	ਮਲੇਸ਼ੀਆ
MZ	ਮੋਜ਼ਾਮਬੀਕ
NA	ਨਾਮੀਬੀਆ
NC	ਨਿਊ ਕੈਲੇਡੋਨੀਆ
NE	ਨਾਈਜਰ
NF	ਨੋਰਫੌਕ ਟਾਪੂ
NG	ਨਾਈਜੀਰੀਆ
NI	ਨਿਕਾਰਾਗੁਆ
NL	ਨੀਦਰਲੈਂਡ
NO	ਨਾਰਵੇ
NP	ਨੇਪਾਲ
NR	ਨਾਉਰੂ
NU	ਨਿਯੂ
NZ	ਨਿਊਜ਼ੀਲੈਂਡ
OM	ਓਮਾਨ
PA	ਪਨਾਮਾ
PE	ਪੇਰੂ
PF	ਫਰੈਂਚ ਪੋਲੀਨੇਸ਼ੀਆ
PG	ਪਾਪੂਆ ਨਿਊ ਗਿਨੀ
PH	ਫਿਲੀਪੀਨਜ
PK	ਪਾਕਿਸਤਾਨ
PL	ਪੋਲੈਂਡ
PM	ਸੇਂਟ ਪੀਅਰੇ ਐਂਡ ਮਿਕੇਲਨ
PR	ਪਿਊਰਟੋ ਰਿਕੋ
PS	ਫਿਲੀਸਤੀਨੀ ਇਲਾਕਾ
PT	ਪੁਰਤਗਾਲ
PW	ਪਲਾਉ
PY	ਪੈਰਾਗਵੇ
QA	ਕਤਰ
RE	ਰਿਯੂਨੀਅਨ
RO	ਰੋਮਾਨੀਆ
RS	ਸਰਬੀਆ
RU	ਰੂਸ
RW	ਰਵਾਂਡਾ
SA	ਸਾਊਦੀ ਅਰਬ
SB	ਸੋਲੋਮਨ ਟਾਪੂ
SC	ਸੇਸ਼ਲਸ
SD	ਸੂਡਾਨ
SE	ਸਵੀਡਨ
SG	ਸਿੰਗਾਪੁਰ
SH	ਸੇਂਟ ਹੇਲੇਨਾ
SI	ਸਲੋਵੇਨੀਆ
SJ	ਸਵਾਲਬਰਡ ਅਤੇ ਜਾਨ ਮਾਯੇਨ
SK	ਸਲੋਵਾਕੀਆ
SL	ਸਿਏਰਾ ਲਿਓਨ
SM	ਸੈਨ ਮਰੀਨੋ
SN	ਸੇਨੇਗਲ
SO	ਸੋਮਾਲੀਆ
SR	ਸੂਰੀਨਾਮ
SS	ਦੱਖਣ ਸੁਡਾਨ
ST	ਸਾਓ ਟੋਮ ਅਤੇ ਪ੍ਰਿੰਸੀਪੇ
SV	ਅਲ ਸਲਵਾਡੋਰ
SX	ਸਿੰਟ ਮਾਰਟੀਨ
SY	ਸੀਰੀਆ
SZ	ਇਸਵਾਤੀਨੀ
TC	ਟੁਰਕਸ ਅਤੇ ਕੈਕੋਸ ਟਾਪੂ
TD	ਚਾਡ
TG	ਟੋਗੋ
TH	ਥਾਈਲੈਂਡ
TJ	ਤਾਜਿਕਿਸਤਾਨ
TK	ਟੋਕੇਲਾਉ
TL	ਤਿਮੋਰ-ਲੇਸਤੇ
TM	ਤੁਰਕਮੇਨਿਸਤਾਨ
TN	ਟਿਊਨੀਸ਼ੀਆ
TO	ਟੌਂਗਾ
TR	ਤੁਰਕੀ
TT	ਟ੍ਰਿਨੀਡਾਡ ਅਤੇ ਟੋਬਾਗੋ
TV	ਟੁਵਾਲੂ
TW	ਤਾਇਵਾਨ
TZ	ਤਨਜ਼ਾਨੀਆ
UA	ਯੂਕਰੇਨ
UG	ਯੂਗਾਂਡਾ
US	ਸੰਯੁਕਤ ਰਾਜ
UY	ਉਰੂਗਵੇ
UZ	ਉਜ਼ਬੇਕਿਸਤਾਨ
VA	ਵੈਟੀਕਨ ਸਿਟੀ
VC	ਸੇਂਟ ਵਿਨਸੈਂਟ ਐਂਡ ਗ੍ਰੇਨਾਡੀਨਸ
VE	ਵੇਨੇਜ਼ੂਏਲਾ
VG	ਬ੍ਰਿਟਿਸ਼ ਵਰਜਿਨ ਟਾਪੂ
VI	ਯੂ ਐੱਸ ਵਰਜਿਨ ਟਾਪੂ
VN	ਵੀਅਤਨਾਮ
VU	ਵਾਨੂਆਟੂ
WF	ਵਾਲਿਸ ਅਤੇ ਫੂਟੂਨਾ
WS	ਸਾਮੋਆ
XK	ਕੋਸੋਵੋ
YE	ਯਮਨ
YT	ਮਾਯੋਟੀ
ZA	ਦੱਖਣੀ ਅਫਰੀਕਾ
ZM	ਜ਼ਾਮਬੀਆ
ZW	ਜ਼ਿੰਬਾਬਵੇ
