AC	Ascension Adası
AD	Andorra
AE	Birleşik Arap Emirlikleri
AF	Afganistan
AG	Antigua ve Barbuda
AI	Anguilla
AL	Arnavutluk
AM	Ermenistan
AO	Angola
AR	Arjantin
AS	Amerikan Samoası
AT	Avusturya
AU	Avustralya
AW	Aruba
AX	Åland Adaları
AZ	Azerbaycan
BA	Bosna-Hersek
BB	Barbados
BD	Bangladeş
BE	Belçika
BF	Burkina Faso
BG	Bulgaristan
BH	Bahreyn
BI	Burundi
BJ	Benin
BL	Saint Barthelemy
BM	Bermuda
BN	Brunei
BO	Bolivya
BQ	Karayip Hollandası
BR	Brezilya
BS	Bahamalar
BT	Butan
BW	Botsvana
BY	Belarus
BZ	Belize
CA	Kanada
CC	Cocos (Keeling) Adaları
CD	Kongo - Kinşasa
CF	Orta Afrika Cumhuriyeti
CG	Kongo - Brazavil
CH	İsviçre
CI	Côte d’Ivoire
CK	Cook Adaları
CL	Şili
CM	Kamerun
CN	Çin
CO	Kolombiya
CR	Kosta Rika
CU	Küba
CV	Cape Verde
CW	Curaçao
CX	Christmas Adası
CY	Kıbrıs
CZ	Çekya
DE	Almanya
DJ	Cibuti
DK	Danimarka
DM	Dominika
DO	Dominik Cumhuriyeti
DZ	Cezayir
EC	Ekvador
EE	Estonya
EG	Mısır
ER	Eritre
ES	İspanya
ET	Etiyopya
FI	Finlandiya
FJ	Fiji
FK	Falkland Adaları
FM	Mikronezya
FO	Faroe Adaları
FR	Fransa
GA	Gabon
GB	Birleşik Krallık
GD	Grenada
GE	Gürcistan
GF	Fransız Guyanası
GG	Guernsey
GH	Gana
GI	Cebelitarık
GL	Grönland
GM	Gambiya
GN	Gine
GP	Guadeloupe
GQ	Ekvator Ginesi
GR	Yunanistan
GT	Guatemala
GU	Guam
GW	Gine-Bissau
GY	Guyana
HK	Çin Hong Kong ÖİB
HN	Honduras
HR	Hırvatistan
HT	Haiti
HU	Macaristan
ID	Endonezya
IE	İrlanda
IL	İsrail
IM	Man Adası
IN	Hindistan
IO	Britanya Hint Okyanusu Toprakları
IQ	Irak
IR	İran
IS	İzlanda
IT	İtalya
JE	Jersey
JM	Jamaika
JO	Ürdün
JP	Japonya
KE	Kenya
KG	Kırgızistan
KH	Kamboçya
KI	Kiribati
KM	Komorlar
KN	Saint Kitts ve Nevis
KP	Kuzey Kore
KR	Güney Kore
KW	Kuveyt
KY	Cayman Adaları
KZ	Kazakistan
LA	Laos
LB	Lübnan
LC	Saint Lucia
LI	Liechtenstein
LK	Sri Lanka
LR	Liberya
LS	Lesotho
LT	Litvanya
LU	Lüksemburg
LV	Letonya
LY	Libya
MA	Fas
MC	Monako
MD	Moldova
ME	Karadağ
MF	Saint Martin
MG	Madagaskar
MH	Marshall Adaları
MK	Kuzey Makedonya
ML	Mali
MM	Myanmar (Burma)
MN	Moğolistan
MO	Çin Makao ÖİB
MP	Kuzey Mariana Adaları
MQ	Martinik
MR	Moritanya
MS	Montserrat
MT	Malta
MU	Mauritius
MV	Maldivler
MW	Malavi
MX	Meksika
MY	Malezya
MZ	Mozambik
NA	Namibya
NC	Yeni Kaledonya
NE	Nijer
NF	Norfolk Adası
NG	Nijerya
NI	Nikaragua
NL	Hollanda
NO	Norveç
NP	Nepal
NR	Nauru
NU	Niue
NZ	Yeni Zelanda
OM	Umman
PA	Panama
PE	Peru
PF	Fransız Polinezyası
PG	Papua Yeni Gine
PH	Filipinler
PK	Pakistan
PL	Polonya
PM	Saint Pierre ve Miquelon
PR	Porto Riko
PS	Filistin Bölgeleri
PT	Portekiz
PW	Palau
PY	Paraguay
QA	Katar
RE	Reunion
RO	Romanya
RS	Sırbistan
RU	Rusya
RW	Ruanda
SA	Suudi Arabistan
SB	Solomon Adaları
SC	Seyşeller
SD	Sudan
SE	İsveç
SG	Singapur
SH	Saint Helena
SI	Slovenya
SJ	Svalbard ve Jan Mayen
SK	Slovakya
SL	Sierra Leone
SM	San Marino
SN	Senegal
SO	Somali
SR	Surinam
SS	Güney Sudan
ST	Sao Tome ve Principe
SV	El Salvador
SX	Sint Maarten
SY	Suriye
SZ	Esvatini
TC	Turks ve Caicos Adaları
TD	Çad
TG	Togo
TH	Tayland
TJ	Tacikistan
TK	Tokelau
TL	Timor-Leste
TM	Türkmenistan
TN	Tunus
TO	Tonga
TR	Türkiye
TT	Trinidad ve Tobago
TV	Tuvalu
TW	Tayvan
TZ	Tanzanya
UA	Ukrayna
UG	Uganda
US	Amerika Birleşik Devletleri
UY	Uruguay
UZ	Özbekistan
VA	Vatikan
VC	Saint Vincent ve Grenadinler
VE	Venezuela
VG	Britanya Virjin Adaları
VI	ABD Virjin Adaları
VN	Vietnam
VU	Vanuatu
WF	Wallis ve Futuna
WS	Samoa
XK	Kosova
YE	Yemen
YT	Mayotte
ZA	Güney Afrika
ZM	Zambiya
ZW	Zimbabve
