{"v":"5.7.4","fr":29.9900054931641,"ip":0,"op":333.000060994453,"w":190,"h":120,"nm":"Comp 1","ddd":0,"assets":[],"layers":[{"ddd":0,"ind":1,"ty":4,"nm":"Graphic Outlines 3","sr":1,"ks":{"o":{"a":0,"k":100},"r":{"a":0,"k":0},"p":{"a":0,"k":[95,60,0]},"a":{"a":0,"k":[93,58,0]},"s":{"a":0,"k":[100,100,100]}},"ao":0,"hasMask":true,"masksProperties":[{"inv":false,"mode":"a","pt":{"a":0,"k":{"i":[[0,0],[0,0],[-19.412,-1.227],[-3.848,-0.447],[-24.798,4.416],[-6.722,4.072],[0,0],[0,0]],"o":[[0,0],[0,0],[10.548,0.667],[4.615,0.537],[15.816,-2.817],[3.841,-2.326],[0,0],[0,0]],"v":[[17.037,36.952],[13.568,101.171],[51.662,105.227],[76.735,112.498],[130.934,106.817],[177.896,98.49],[171.776,61.758],[166.995,46.289]],"c":true}},"o":{"a":0,"k":100},"x":{"a":0,"k":0},"nm":"Mask 1"}],"shapes":[{"ty":"gr","it":[{"ty":"gr","it":[{"ind":0,"ty":"sh","ks":{"a":0,"k":{"i":[[-0.077,0.547],[-0.547,-0.076],[0,0],[0.078,-0.547],[0.546,0.077],[0,0]],"o":[[0.078,-0.547],[0,0],[0.547,0.076],[-0.077,0.547],[0,0],[-0.547,-0.077]],"v":[[-6.272,-0.881],[-5.141,-1.733],[5.422,-0.247],[6.271,0.882],[5.141,1.732],[-5.422,0.248]],"c":true}},"nm":"Path 1","hd":false},{"ty":"fl","c":{"a":0,"k":[0.258999992819,0.795999983245,0.647000002394,1]},"o":{"a":0,"k":100},"r":1,"bm":0,"nm":"Fill 1","hd":false},{"ty":"tr","p":{"a":0,"k":[36.164,61.282]},"a":{"a":0,"k":[0,0]},"s":{"a":0,"k":[100,100]},"r":{"a":0,"k":0},"o":{"a":0,"k":100},"sk":{"a":0,"k":0},"sa":{"a":0,"k":0},"nm":"Transform"}],"nm":"Group 3","bm":0,"hd":false},{"ty":"gr","it":[{"ind":0,"ty":"sh","ks":{"a":0,"k":{"i":[[-0.078,0.547],[-0.547,-0.077],[0,0],[0.077,-0.547],[0.547,0.077],[0,0]],"o":[[0.078,-0.547],[0,0],[0.547,0.077],[-0.077,0.547],[0,0],[-0.547,-0.077]],"v":[[-8.913,-1.253],[-7.782,-2.104],[8.062,0.123],[8.913,1.252],[7.781,2.103],[-8.062,-0.124]],"c":true}},"nm":"Path 1","hd":false},{"ty":"fl","c":{"a":0,"k":[0.258999992819,0.795999983245,0.647000002394,1]},"o":{"a":0,"k":100},"r":1,"bm":0,"nm":"Fill 1","hd":false},{"ty":"tr","p":{"a":0,"k":[39.269,58.352]},"a":{"a":0,"k":[0,0]},"s":{"a":0,"k":[100,100]},"r":{"a":0,"k":0},"o":{"a":0,"k":100},"sk":{"a":0,"k":0},"sa":{"a":0,"k":0},"nm":"Transform"}],"nm":"Group 4","bm":0,"hd":false},{"ty":"gr","it":[{"ind":0,"ty":"sh","ks":{"a":0,"k":{"i":[[-1.777,-0.25],[0,0],[-0.252,1.778],[0,0],[1.777,0.25],[0,0],[-0.271,-0.271],[0,0],[0.236,-1.664],[0,0]],"o":[[0,0],[1.777,0.25],[0,0],[0.252,-1.778],[0,0],[-0.38,-0.054],[0,0],[1.189,1.187],[0,0],[-0.251,1.776]],"v":[[-9.684,5.488],[11.088,8.407],[14.762,5.641],[15.7,-0.959],[12.938,-4.629],[-15.342,-8.603],[-15.68,-7.925],[-13.525,-5.774],[-12.012,-1.245],[-12.447,1.819]],"c":true}},"nm":"Path 1","hd":false},{"ty":"st","c":{"a":0,"k":[0,0.536999990426,0.481999984442,1]},"o":{"a":0,"k":100},"w":{"a":0,"k":1.5},"lc":1,"lj":1,"ml":4,"bm":0,"nm":"Stroke 1","hd":false},{"ty":"tr","p":{"a":0,"k":[38.725,60.837]},"a":{"a":0,"k":[0,0]},"s":{"a":0,"k":[100,100]},"r":{"a":0,"k":0},"o":{"a":0,"k":100},"sk":{"a":0,"k":0},"sa":{"a":0,"k":0},"nm":"Transform"}],"nm":"Group 5","bm":0,"hd":false},{"ty":"gr","it":[{"ind":0,"ty":"sh","ks":{"a":0,"k":{"i":[[-1.777,-0.25],[0,0],[-0.252,1.778],[0,0],[1.777,0.25],[0,0],[-0.271,-0.271],[0,0],[0.236,-1.664],[0,0]],"o":[[0,0],[1.777,0.25],[0,0],[0.252,-1.778],[0,0],[-0.38,-0.054],[0,0],[1.189,1.187],[0,0],[-0.251,1.776]],"v":[[-9.684,5.488],[11.088,8.407],[14.762,5.641],[15.7,-0.959],[12.938,-4.629],[-15.342,-8.603],[-15.68,-7.925],[-13.525,-5.774],[-12.012,-1.245],[-12.447,1.819]],"c":true}},"nm":"Path 1","hd":false},{"ty":"fl","c":{"a":0,"k":[1,1,1,1]},"o":{"a":0,"k":100},"r":1,"bm":0,"nm":"Fill 1","hd":false},{"ty":"tr","p":{"a":0,"k":[38.725,60.837]},"a":{"a":0,"k":[0,0]},"s":{"a":0,"k":[100,100]},"r":{"a":0,"k":0},"o":{"a":0,"k":100},"sk":{"a":0,"k":0},"sa":{"a":0,"k":0},"nm":"Transform"}],"nm":"Group 6","bm":0,"hd":false},{"ty":"tr","p":{"a":1,"k":[{"i":{"x":0.667,"y":1},"o":{"x":0.167,"y":0.171},"t":158,"s":[-10.391,53.124],"to":[1.732,-8.854],"ti":[-1.732,8.854]},{"t":177.000032420475,"s":[0,0]}]},"a":{"a":0,"k":[0,0]},"s":{"a":0,"k":[100,100]},"r":{"a":0,"k":0},"o":{"a":1,"k":[{"i":{"x":[0.667],"y":[1]},"o":{"x":[0.167],"y":[0.167]},"t":268,"s":[100]},{"t":287.000052568792,"s":[0]}]},"sk":{"a":0,"k":0},"sa":{"a":0,"k":0},"nm":"Transform"}],"nm":"Group 31","bm":0,"hd":false},{"ty":"gr","it":[{"ty":"gr","it":[{"ind":0,"ty":"sh","ks":{"a":0,"k":{"i":[[0.075,0.547],[-0.547,0.077],[0,0],[-0.076,-0.548],[0.546,-0.076],[0,0]],"o":[[-0.077,-0.547],[0,0],[0.547,-0.077],[0.076,0.547],[0,0],[-0.547,0.076]],"v":[[-6.271,0.882],[-5.419,-0.248],[5.144,-1.732],[6.272,-0.881],[5.419,0.248],[-5.143,1.734]],"c":true}},"nm":"Path 1","hd":false},{"ty":"fl","c":{"a":0,"k":[0.258999992819,0.795999983245,0.647000002394,1]},"o":{"a":0,"k":100},"r":1,"bm":0,"nm":"Fill 1","hd":false},{"ty":"tr","p":{"a":0,"k":[141.883,62.682]},"a":{"a":0,"k":[0,0]},"s":{"a":0,"k":[100,100]},"r":{"a":0,"k":0},"o":{"a":0,"k":100},"sk":{"a":0,"k":0},"sa":{"a":0,"k":0},"nm":"Transform"}],"nm":"Group 15","bm":0,"hd":false},{"ty":"gr","it":[{"ind":0,"ty":"sh","ks":{"a":0,"k":{"i":[[0.075,0.547],[-0.547,0.077],[0,0],[-0.076,-0.548],[0.547,-0.077],[0,0]],"o":[[-0.076,-0.548],[0,0],[0.547,-0.077],[0.077,0.547],[0,0],[-0.548,0.077]],"v":[[-8.911,1.253],[-8.059,0.123],[7.784,-2.104],[8.912,-1.252],[8.061,-0.123],[-7.783,2.104]],"c":true}},"nm":"Path 1","hd":false},{"ty":"fl","c":{"a":0,"k":[0.258999992819,0.795999983245,0.647000002394,1]},"o":{"a":0,"k":100},"r":1,"bm":0,"nm":"Fill 1","hd":false},{"ty":"tr","p":{"a":0,"k":[144.059,59.01]},"a":{"a":0,"k":[0,0]},"s":{"a":0,"k":[100,100]},"r":{"a":0,"k":0},"o":{"a":0,"k":100},"sk":{"a":0,"k":0},"sa":{"a":0,"k":0},"nm":"Transform"}],"nm":"Group 16","bm":0,"hd":false},{"ty":"gr","it":[{"ind":0,"ty":"sh","ks":{"a":0,"k":{"i":[[1.776,-0.25],[0,0],[0.252,1.778],[0,0],[-1.777,0.249],[0,0],[0.272,-0.271],[0,0],[-0.235,-1.664],[0,0]],"o":[[0,0],[-1.779,0.249],[0,0],[-0.252,-1.777],[0,0],[0.38,-0.054],[0,0],[-1.19,1.187],[0,0],[0.252,1.777]],"v":[[9.685,5.488],[-11.087,8.408],[-14.763,5.641],[-15.7,-0.959],[-12.938,-4.628],[15.341,-8.603],[15.68,-7.925],[13.525,-5.773],[12.011,-1.245],[12.446,1.819]],"c":true}},"nm":"Path 1","hd":false},{"ty":"st","c":{"a":0,"k":[0,0.536999990426,0.481999984442,1]},"o":{"a":0,"k":100},"w":{"a":0,"k":1.5},"lc":1,"lj":1,"ml":4,"bm":0,"nm":"Stroke 1","hd":false},{"ty":"tr","p":{"a":0,"k":[147.837,61.04]},"a":{"a":0,"k":[0,0]},"s":{"a":0,"k":[100,100]},"r":{"a":0,"k":0},"o":{"a":0,"k":100},"sk":{"a":0,"k":0},"sa":{"a":0,"k":0},"nm":"Transform"}],"nm":"Group 17","bm":0,"hd":false},{"ty":"gr","it":[{"ind":0,"ty":"sh","ks":{"a":0,"k":{"i":[[1.776,-0.25],[0,0],[0.252,1.778],[0,0],[-1.777,0.249],[0,0],[0.272,-0.271],[0,0],[-0.235,-1.664],[0,0]],"o":[[0,0],[-1.779,0.249],[0,0],[-0.252,-1.777],[0,0],[0.38,-0.054],[0,0],[-1.19,1.187],[0,0],[0.252,1.777]],"v":[[9.685,5.488],[-11.087,8.408],[-14.763,5.641],[-15.7,-0.959],[-12.938,-4.628],[15.341,-8.603],[15.68,-7.925],[13.525,-5.773],[12.011,-1.245],[12.446,1.819]],"c":true}},"nm":"Path 1","hd":false},{"ty":"fl","c":{"a":0,"k":[0.882000014361,1,0.779999976065,1]},"o":{"a":0,"k":100},"r":1,"bm":0,"nm":"Fill 1","hd":false},{"ty":"tr","p":{"a":0,"k":[147.837,61.04]},"a":{"a":0,"k":[0,0]},"s":{"a":0,"k":[100,100]},"r":{"a":0,"k":0},"o":{"a":0,"k":100},"sk":{"a":0,"k":0},"sa":{"a":0,"k":0},"nm":"Transform"}],"nm":"Group 18","bm":0,"hd":false},{"ty":"tr","p":{"a":1,"k":[{"i":{"x":0.667,"y":1},"o":{"x":0.167,"y":0.171},"t":166,"s":[10.082,50.817],"to":[-1.68,-8.47],"ti":[1.68,8.47]},{"t":186.000034068974,"s":[0,0]}]},"a":{"a":0,"k":[0,0]},"s":{"a":0,"k":[100,100]},"r":{"a":0,"k":0},"o":{"a":1,"k":[{"i":{"x":[0.667],"y":[1]},"o":{"x":[0.167],"y":[0.167]},"t":276,"s":[100]},{"t":295.000054034125,"s":[0]}]},"sk":{"a":0,"k":0},"sa":{"a":0,"k":0},"nm":"Transform"}],"nm":"Group 32","bm":0,"hd":false}],"ip":150.000027474979,"op":331.00006062812,"st":150.000027474979,"bm":0},{"ddd":0,"ind":2,"ty":4,"nm":"Graphic Outlines","sr":1,"ks":{"o":{"a":0,"k":100},"r":{"a":0,"k":0},"p":{"a":0,"k":[95,60,0]},"a":{"a":0,"k":[93,58,0]},"s":{"a":0,"k":[100,100,100]}},"ao":0,"hasMask":true,"masksProperties":[{"inv":false,"mode":"a","pt":{"a":0,"k":{"i":[[0,0],[0,0],[-19.412,-1.227],[-3.848,-0.447],[-24.798,4.416],[-6.722,4.072],[0,0],[0,0]],"o":[[0,0],[0,0],[10.548,0.667],[4.615,0.537],[15.816,-2.817],[3.841,-2.326],[0,0],[0,0]],"v":[[17.037,36.952],[13.568,101.171],[51.662,105.227],[76.735,112.498],[130.934,106.817],[177.896,98.49],[171.776,61.758],[166.995,46.289]],"c":true}},"o":{"a":0,"k":100},"x":{"a":0,"k":0},"nm":"Mask 1"}],"shapes":[{"ty":"gr","it":[{"ty":"gr","it":[{"ind":0,"ty":"sh","ks":{"a":0,"k":{"i":[[-0.077,0.547],[-0.547,-0.076],[0,0],[0.078,-0.547],[0.546,0.077],[0,0]],"o":[[0.078,-0.547],[0,0],[0.547,0.076],[-0.077,0.547],[0,0],[-0.547,-0.077]],"v":[[-6.272,-0.881],[-5.141,-1.733],[5.422,-0.247],[6.271,0.882],[5.141,1.732],[-5.422,0.248]],"c":true}},"nm":"Path 1","hd":false},{"ty":"fl","c":{"a":0,"k":[0.258999992819,0.795999983245,0.647000002394,1]},"o":{"a":0,"k":100},"r":1,"bm":0,"nm":"Fill 1","hd":false},{"ty":"tr","p":{"a":0,"k":[36.164,61.282]},"a":{"a":0,"k":[0,0]},"s":{"a":0,"k":[100,100]},"r":{"a":0,"k":0},"o":{"a":0,"k":100},"sk":{"a":0,"k":0},"sa":{"a":0,"k":0},"nm":"Transform"}],"nm":"Group 3","bm":0,"hd":false},{"ty":"gr","it":[{"ind":0,"ty":"sh","ks":{"a":0,"k":{"i":[[-0.078,0.547],[-0.547,-0.077],[0,0],[0.077,-0.547],[0.547,0.077],[0,0]],"o":[[0.078,-0.547],[0,0],[0.547,0.077],[-0.077,0.547],[0,0],[-0.547,-0.077]],"v":[[-8.913,-1.253],[-7.782,-2.104],[8.062,0.123],[8.913,1.252],[7.781,2.103],[-8.062,-0.124]],"c":true}},"nm":"Path 1","hd":false},{"ty":"fl","c":{"a":0,"k":[0.258999992819,0.795999983245,0.647000002394,1]},"o":{"a":0,"k":100},"r":1,"bm":0,"nm":"Fill 1","hd":false},{"ty":"tr","p":{"a":0,"k":[39.269,58.352]},"a":{"a":0,"k":[0,0]},"s":{"a":0,"k":[100,100]},"r":{"a":0,"k":0},"o":{"a":0,"k":100},"sk":{"a":0,"k":0},"sa":{"a":0,"k":0},"nm":"Transform"}],"nm":"Group 4","bm":0,"hd":false},{"ty":"gr","it":[{"ind":0,"ty":"sh","ks":{"a":0,"k":{"i":[[-1.777,-0.25],[0,0],[-0.252,1.778],[0,0],[1.777,0.25],[0,0],[-0.271,-0.271],[0,0],[0.236,-1.664],[0,0]],"o":[[0,0],[1.777,0.25],[0,0],[0.252,-1.778],[0,0],[-0.38,-0.054],[0,0],[1.189,1.187],[0,0],[-0.251,1.776]],"v":[[-9.684,5.488],[11.088,8.407],[14.762,5.641],[15.7,-0.959],[12.938,-4.629],[-15.342,-8.603],[-15.68,-7.925],[-13.525,-5.774],[-12.012,-1.245],[-12.447,1.819]],"c":true}},"nm":"Path 1","hd":false},{"ty":"st","c":{"a":0,"k":[0,0.536999990426,0.481999984442,1]},"o":{"a":0,"k":100},"w":{"a":0,"k":1.5},"lc":1,"lj":1,"ml":4,"bm":0,"nm":"Stroke 1","hd":false},{"ty":"tr","p":{"a":0,"k":[38.725,60.837]},"a":{"a":0,"k":[0,0]},"s":{"a":0,"k":[100,100]},"r":{"a":0,"k":0},"o":{"a":0,"k":100},"sk":{"a":0,"k":0},"sa":{"a":0,"k":0},"nm":"Transform"}],"nm":"Group 5","bm":0,"hd":false},{"ty":"gr","it":[{"ind":0,"ty":"sh","ks":{"a":0,"k":{"i":[[-1.777,-0.25],[0,0],[-0.252,1.778],[0,0],[1.777,0.25],[0,0],[-0.271,-0.271],[0,0],[0.236,-1.664],[0,0]],"o":[[0,0],[1.777,0.25],[0,0],[0.252,-1.778],[0,0],[-0.38,-0.054],[0,0],[1.189,1.187],[0,0],[-0.251,1.776]],"v":[[-9.684,5.488],[11.088,8.407],[14.762,5.641],[15.7,-0.959],[12.938,-4.629],[-15.342,-8.603],[-15.68,-7.925],[-13.525,-5.774],[-12.012,-1.245],[-12.447,1.819]],"c":true}},"nm":"Path 1","hd":false},{"ty":"fl","c":{"a":0,"k":[1,1,1,1]},"o":{"a":0,"k":100},"r":1,"bm":0,"nm":"Fill 1","hd":false},{"ty":"tr","p":{"a":0,"k":[38.725,60.837]},"a":{"a":0,"k":[0,0]},"s":{"a":0,"k":[100,100]},"r":{"a":0,"k":0},"o":{"a":0,"k":100},"sk":{"a":0,"k":0},"sa":{"a":0,"k":0},"nm":"Transform"}],"nm":"Group 6","bm":0,"hd":false},{"ty":"tr","p":{"a":1,"k":[{"i":{"x":0.667,"y":1},"o":{"x":0.167,"y":0.167},"t":8,"s":[-10.391,53.124],"to":[1.732,-8.854],"ti":[-1.732,8.854]},{"t":25.0000045791631,"s":[0,0]}]},"a":{"a":0,"k":[0,0]},"s":{"a":0,"k":[100,100]},"r":{"a":0,"k":0},"o":{"a":1,"k":[{"i":{"x":[0.667],"y":[1]},"o":{"x":[0.167],"y":[0.167]},"t":118,"s":[100]},{"t":137.000025093814,"s":[0]}]},"sk":{"a":0,"k":0},"sa":{"a":0,"k":0},"nm":"Transform"}],"nm":"Group 31","bm":0,"hd":false},{"ty":"gr","it":[{"ty":"gr","it":[{"ind":0,"ty":"sh","ks":{"a":0,"k":{"i":[[0.075,0.547],[-0.547,0.077],[0,0],[-0.076,-0.548],[0.546,-0.076],[0,0]],"o":[[-0.077,-0.547],[0,0],[0.547,-0.077],[0.076,0.547],[0,0],[-0.547,0.076]],"v":[[-6.271,0.882],[-5.419,-0.248],[5.144,-1.732],[6.272,-0.881],[5.419,0.248],[-5.143,1.734]],"c":true}},"nm":"Path 1","hd":false},{"ty":"fl","c":{"a":0,"k":[0.258999992819,0.795999983245,0.647000002394,1]},"o":{"a":0,"k":100},"r":1,"bm":0,"nm":"Fill 1","hd":false},{"ty":"tr","p":{"a":0,"k":[141.883,62.682]},"a":{"a":0,"k":[0,0]},"s":{"a":0,"k":[100,100]},"r":{"a":0,"k":0},"o":{"a":0,"k":100},"sk":{"a":0,"k":0},"sa":{"a":0,"k":0},"nm":"Transform"}],"nm":"Group 15","bm":0,"hd":false},{"ty":"gr","it":[{"ind":0,"ty":"sh","ks":{"a":0,"k":{"i":[[0.075,0.547],[-0.547,0.077],[0,0],[-0.076,-0.548],[0.547,-0.077],[0,0]],"o":[[-0.076,-0.548],[0,0],[0.547,-0.077],[0.077,0.547],[0,0],[-0.548,0.077]],"v":[[-8.911,1.253],[-8.059,0.123],[7.784,-2.104],[8.912,-1.252],[8.061,-0.123],[-7.783,2.104]],"c":true}},"nm":"Path 1","hd":false},{"ty":"fl","c":{"a":0,"k":[0.258999992819,0.795999983245,0.647000002394,1]},"o":{"a":0,"k":100},"r":1,"bm":0,"nm":"Fill 1","hd":false},{"ty":"tr","p":{"a":0,"k":[144.059,59.01]},"a":{"a":0,"k":[0,0]},"s":{"a":0,"k":[100,100]},"r":{"a":0,"k":0},"o":{"a":0,"k":100},"sk":{"a":0,"k":0},"sa":{"a":0,"k":0},"nm":"Transform"}],"nm":"Group 16","bm":0,"hd":false},{"ty":"gr","it":[{"ind":0,"ty":"sh","ks":{"a":0,"k":{"i":[[1.776,-0.25],[0,0],[0.252,1.778],[0,0],[-1.777,0.249],[0,0],[0.272,-0.271],[0,0],[-0.235,-1.664],[0,0]],"o":[[0,0],[-1.779,0.249],[0,0],[-0.252,-1.777],[0,0],[0.38,-0.054],[0,0],[-1.19,1.187],[0,0],[0.252,1.777]],"v":[[9.685,5.488],[-11.087,8.408],[-14.763,5.641],[-15.7,-0.959],[-12.938,-4.628],[15.341,-8.603],[15.68,-7.925],[13.525,-5.773],[12.011,-1.245],[12.446,1.819]],"c":true}},"nm":"Path 1","hd":false},{"ty":"st","c":{"a":0,"k":[0,0.536999990426,0.481999984442,1]},"o":{"a":0,"k":100},"w":{"a":0,"k":1.5},"lc":1,"lj":1,"ml":4,"bm":0,"nm":"Stroke 1","hd":false},{"ty":"tr","p":{"a":0,"k":[147.837,61.04]},"a":{"a":0,"k":[0,0]},"s":{"a":0,"k":[100,100]},"r":{"a":0,"k":0},"o":{"a":0,"k":100},"sk":{"a":0,"k":0},"sa":{"a":0,"k":0},"nm":"Transform"}],"nm":"Group 17","bm":0,"hd":false},{"ty":"gr","it":[{"ind":0,"ty":"sh","ks":{"a":0,"k":{"i":[[1.776,-0.25],[0,0],[0.252,1.778],[0,0],[-1.777,0.249],[0,0],[0.272,-0.271],[0,0],[-0.235,-1.664],[0,0]],"o":[[0,0],[-1.779,0.249],[0,0],[-0.252,-1.777],[0,0],[0.38,-0.054],[0,0],[-1.19,1.187],[0,0],[0.252,1.777]],"v":[[9.685,5.488],[-11.087,8.408],[-14.763,5.641],[-15.7,-0.959],[-12.938,-4.628],[15.341,-8.603],[15.68,-7.925],[13.525,-5.773],[12.011,-1.245],[12.446,1.819]],"c":true}},"nm":"Path 1","hd":false},{"ty":"fl","c":{"a":0,"k":[0.882000014361,1,0.779999976065,1]},"o":{"a":0,"k":100},"r":1,"bm":0,"nm":"Fill 1","hd":false},{"ty":"tr","p":{"a":0,"k":[147.837,61.04]},"a":{"a":0,"k":[0,0]},"s":{"a":0,"k":[100,100]},"r":{"a":0,"k":0},"o":{"a":0,"k":100},"sk":{"a":0,"k":0},"sa":{"a":0,"k":0},"nm":"Transform"}],"nm":"Group 18","bm":0,"hd":false},{"ty":"tr","p":{"a":1,"k":[{"i":{"x":0.667,"y":1},"o":{"x":0.167,"y":0.167},"t":16,"s":[10.082,50.817],"to":[-1.68,-8.47],"ti":[1.68,8.47]},{"t":34.0000062276618,"s":[0,0]}]},"a":{"a":0,"k":[0,0]},"s":{"a":0,"k":[100,100]},"r":{"a":0,"k":0},"o":{"a":1,"k":[{"i":{"x":[0.667],"y":[1]},"o":{"x":[0.167],"y":[0.167]},"t":126,"s":[100]},{"t":145.000026559146,"s":[0]}]},"sk":{"a":0,"k":0},"sa":{"a":0,"k":0},"nm":"Transform"}],"nm":"Group 32","bm":0,"hd":false}],"ip":0,"op":150.000027474979,"st":0,"bm":0},{"ddd":0,"ind":3,"ty":4,"nm":"Graphic Outlines 2","sr":1,"ks":{"o":{"a":0,"k":100},"r":{"a":0,"k":0},"p":{"a":0,"k":[95,60,0]},"a":{"a":0,"k":[93,58,0]},"s":{"a":0,"k":[100,100,100]}},"ao":0,"shapes":[{"ty":"gr","it":[{"ind":0,"ty":"sh","ks":{"a":0,"k":{"i":[[0.717,0.104],[0.099,-0.71],[-0.716,-0.104],[-0.099,0.71]],"o":[[-0.72,-0.104],[-0.099,0.706],[0.72,0.104],[0.099,-0.706]],"v":[[0.185,-1.292],[-1.303,-0.183],[-0.185,1.292],[1.303,0.183]],"c":true}},"nm":"Path 1","hd":false},{"ty":"st","c":{"a":0,"k":[0.19199999641,0.39199999641,0.455000005984,1]},"o":{"a":0,"k":100},"w":{"a":0,"k":1.5},"lc":1,"lj":1,"ml":4,"bm":0,"nm":"Stroke 1","hd":false},{"ty":"tr","p":{"a":0,"k":[29.352,19.516]},"a":{"a":0,"k":[0,0]},"s":{"a":0,"k":[100,100]},"r":{"a":0,"k":0},"o":{"a":0,"k":100},"sk":{"a":0,"k":0},"sa":{"a":0,"k":0},"nm":"Transform"}],"nm":"Group 1","bm":0,"hd":false},{"ty":"gr","it":[{"ind":0,"ty":"sh","ks":{"a":0,"k":{"i":[[0.717,0.104],[0.099,-0.71],[-0.716,-0.104],[-0.099,0.71]],"o":[[-0.72,-0.104],[-0.099,0.706],[0.72,0.104],[0.099,-0.706]],"v":[[0.185,-1.292],[-1.303,-0.183],[-0.185,1.292],[1.303,0.183]],"c":true}},"nm":"Path 1","hd":false},{"ty":"fl","c":{"a":0,"k":[1,1,1,1]},"o":{"a":0,"k":100},"r":1,"bm":0,"nm":"Fill 1","hd":false},{"ty":"tr","p":{"a":0,"k":[29.352,19.516]},"a":{"a":0,"k":[0,0]},"s":{"a":0,"k":[100,100]},"r":{"a":0,"k":0},"o":{"a":0,"k":100},"sk":{"a":0,"k":0},"sa":{"a":0,"k":0},"nm":"Transform"}],"nm":"Group 2","bm":0,"hd":false},{"ty":"gr","it":[{"ind":0,"ty":"sh","ks":{"a":0,"k":{"i":[[0.394,-2.817],[0,0],[2.817,0.395],[0,0],[-0.394,2.816],[0,0],[-2.816,-0.396],[0,0],[0,0],[0,0]],"o":[[0,0],[-0.394,2.815],[0,0],[-2.816,-0.394],[0,0],[0.395,-2.817],[0,0],[0,0],[0,0],[2.817,0.396]],"v":[[26.064,-36.057],[15.164,41.852],[9.351,46.236],[-21.678,41.874],[-26.064,36.057],[-15.165,-41.85],[-9.351,-46.234],[-4.565,-45.561],[16.891,-42.546],[21.677,-41.873]],"c":true}},"nm":"Path 1","hd":false},{"ty":"st","c":{"a":0,"k":[0.19199999641,0.39199999641,0.455000005984,1]},"o":{"a":0,"k":100},"w":{"a":0,"k":1.7},"lc":1,"lj":1,"ml":4,"bm":0,"nm":"Stroke 1","hd":false},{"ty":"tr","p":{"a":0,"k":[38.874,59.969]},"a":{"a":0,"k":[0,0]},"s":{"a":0,"k":[100,100]},"r":{"a":0,"k":0},"o":{"a":0,"k":100},"sk":{"a":0,"k":0},"sa":{"a":0,"k":0},"nm":"Transform"}],"nm":"Group 7","bm":0,"hd":false},{"ty":"gr","it":[{"ind":0,"ty":"sh","ks":{"a":0,"k":{"i":[[0.394,-2.817],[0,0],[2.817,0.395],[0,0],[-0.394,2.816],[0,0],[-2.816,-0.396],[0,0],[0,0],[0,0]],"o":[[0,0],[-0.394,2.815],[0,0],[-2.816,-0.394],[0,0],[0.395,-2.817],[0,0],[0,0],[0,0],[2.817,0.396]],"v":[[26.064,-36.057],[15.164,41.852],[9.351,46.236],[-21.678,41.874],[-26.064,36.057],[-15.165,-41.85],[-9.351,-46.234],[-4.565,-45.561],[16.891,-42.546],[21.677,-41.873]],"c":true}},"nm":"Path 1","hd":false},{"ty":"fl","c":{"a":0,"k":[0.933000033509,0.995999983245,0.980000035903,1]},"o":{"a":0,"k":100},"r":1,"bm":0,"nm":"Fill 1","hd":false},{"ty":"tr","p":{"a":0,"k":[38.874,59.969]},"a":{"a":0,"k":[0,0]},"s":{"a":0,"k":[100,100]},"r":{"a":0,"k":0},"o":{"a":0,"k":100},"sk":{"a":0,"k":0},"sa":{"a":0,"k":0},"nm":"Transform"}],"nm":"Group 8","bm":0,"hd":false},{"ty":"gr","it":[{"ind":0,"ty":"sh","ks":{"a":0,"k":{"i":[[-3.91,-0.549],[0,0],[0.547,-3.91],[0,0],[3.91,0.549],[0,0],[-0.547,3.911],[0,0]],"o":[[0,0],[3.91,0.55],[0,0],[-0.547,3.911],[0,0],[-3.91,-0.55],[0,0],[0.547,-3.911]],"v":[[-9.926,-49.345],[23.083,-44.706],[29.173,-36.63],[17.997,43.259],[9.925,49.345],[-23.083,44.706],[-29.173,36.63],[-17.997,-43.259]],"c":true}},"nm":"Path 1","hd":false},{"ty":"st","c":{"a":0,"k":[0.19199999641,0.39199999641,0.455000005984,1]},"o":{"a":0,"k":100},"w":{"a":0,"k":1.7},"lc":1,"lj":1,"ml":4,"bm":0,"nm":"Stroke 1","hd":false},{"ty":"tr","p":{"a":0,"k":[39.123,60.3]},"a":{"a":0,"k":[0,0]},"s":{"a":0,"k":[100,100]},"r":{"a":0,"k":0},"o":{"a":0,"k":100},"sk":{"a":0,"k":0},"sa":{"a":0,"k":0},"nm":"Transform"}],"nm":"Group 9","bm":0,"hd":false},{"ty":"gr","it":[{"ind":0,"ty":"sh","ks":{"a":0,"k":{"i":[[-3.91,-0.549],[0,0],[0.547,-3.91],[0,0],[3.91,0.549],[0,0],[-0.547,3.911],[0,0]],"o":[[0,0],[3.91,0.55],[0,0],[-0.547,3.911],[0,0],[-3.91,-0.55],[0,0],[0.547,-3.911]],"v":[[-9.926,-49.345],[23.083,-44.706],[29.173,-36.63],[17.997,43.259],[9.925,49.345],[-23.083,44.706],[-29.173,36.63],[-17.997,-43.259]],"c":true}},"nm":"Path 1","hd":false},{"ty":"fl","c":{"a":0,"k":[1,1,1,1]},"o":{"a":0,"k":100},"r":1,"bm":0,"nm":"Fill 1","hd":false},{"ty":"tr","p":{"a":0,"k":[39.123,60.3]},"a":{"a":0,"k":[0,0]},"s":{"a":0,"k":[100,100]},"r":{"a":0,"k":0},"o":{"a":0,"k":100},"sk":{"a":0,"k":0},"sa":{"a":0,"k":0},"nm":"Transform"}],"nm":"Group 10","bm":0,"hd":false},{"ty":"gr","it":[{"ind":0,"ty":"sh","ks":{"a":0,"k":{"i":[[-3.909,-0.549],[0,0],[0.547,-3.908],[0,0],[3.909,0.548],[0,0],[-0.547,3.909],[0,0]],"o":[[0,0],[3.909,0.549],[0,0],[-0.546,3.909],[0,0],[-3.909,-0.55],[0,0],[0.546,-3.909]],"v":[[-9.926,-49.342],[23.083,-44.702],[29.17,-36.63],[17.993,43.259],[9.926,49.342],[-23.083,44.703],[-29.17,36.63],[-17.993,-43.258]],"c":true}},"nm":"Path 1","hd":false},{"ty":"st","c":{"a":0,"k":[0.19199999641,0.39199999641,0.455000005984,1]},"o":{"a":0,"k":100},"w":{"a":0,"k":1.706},"lc":1,"lj":1,"ml":4,"bm":0,"nm":"Stroke 1","hd":false},{"ty":"tr","p":{"a":0,"k":[38.79,63.987]},"a":{"a":0,"k":[0,0]},"s":{"a":0,"k":[100,100]},"r":{"a":0,"k":0},"o":{"a":0,"k":100},"sk":{"a":0,"k":0},"sa":{"a":0,"k":0},"nm":"Transform"}],"nm":"Group 11","bm":0,"hd":false},{"ty":"gr","it":[{"ind":0,"ty":"sh","ks":{"a":0,"k":{"i":[[-3.909,-0.549],[0,0],[0.547,-3.908],[0,0],[3.909,0.548],[0,0],[-0.547,3.909],[0,0]],"o":[[0,0],[3.909,0.549],[0,0],[-0.546,3.909],[0,0],[-3.909,-0.55],[0,0],[0.546,-3.909]],"v":[[-9.926,-49.342],[23.083,-44.702],[29.17,-36.63],[17.993,43.259],[9.926,49.342],[-23.083,44.703],[-29.17,36.63],[-17.993,-43.258]],"c":true}},"nm":"Path 1","hd":false},{"ty":"fl","c":{"a":0,"k":[0.258999992819,0.795999983245,0.647000002394,1]},"o":{"a":0,"k":100},"r":1,"bm":0,"nm":"Fill 1","hd":false},{"ty":"tr","p":{"a":0,"k":[38.79,63.987]},"a":{"a":0,"k":[0,0]},"s":{"a":0,"k":[100,100]},"r":{"a":0,"k":0},"o":{"a":0,"k":100},"sk":{"a":0,"k":0},"sa":{"a":0,"k":0},"nm":"Transform"}],"nm":"Group 12","bm":0,"hd":false},{"ty":"gr","it":[{"ind":0,"ty":"sh","ks":{"a":0,"k":{"i":[[0.717,-0.098],[-0.101,-0.71],[-0.716,0.099],[0.102,0.71]],"o":[[-0.722,0.099],[0.1,0.706],[0.722,-0.098],[-0.099,-0.706]],"v":[[-0.178,-1.293],[-1.303,0.184],[0.177,1.292],[1.302,-0.184]],"c":true}},"nm":"Path 1","hd":false},{"ty":"st","c":{"a":0,"k":[0.19199999641,0.39199999641,0.455000005984,1]},"o":{"a":0,"k":100},"w":{"a":0,"k":1.5},"lc":1,"lj":1,"ml":4,"bm":0,"nm":"Stroke 1","hd":false},{"ty":"tr","p":{"a":0,"k":[128.168,23.801]},"a":{"a":0,"k":[0,0]},"s":{"a":0,"k":[100,100]},"r":{"a":0,"k":0},"o":{"a":0,"k":100},"sk":{"a":0,"k":0},"sa":{"a":0,"k":0},"nm":"Transform"}],"nm":"Group 13","bm":0,"hd":false},{"ty":"gr","it":[{"ind":0,"ty":"sh","ks":{"a":0,"k":{"i":[[0.717,-0.098],[-0.101,-0.71],[-0.716,0.099],[0.102,0.71]],"o":[[-0.722,0.099],[0.1,0.706],[0.722,-0.098],[-0.099,-0.706]],"v":[[-0.178,-1.293],[-1.303,0.184],[0.177,1.292],[1.302,-0.184]],"c":true}},"nm":"Path 1","hd":false},{"ty":"fl","c":{"a":0,"k":[1,1,1,1]},"o":{"a":0,"k":100},"r":1,"bm":0,"nm":"Fill 1","hd":false},{"ty":"tr","p":{"a":0,"k":[128.168,23.801]},"a":{"a":0,"k":[0,0]},"s":{"a":0,"k":[100,100]},"r":{"a":0,"k":0},"o":{"a":0,"k":100},"sk":{"a":0,"k":0},"sa":{"a":0,"k":0},"nm":"Transform"}],"nm":"Group 14","bm":0,"hd":false},{"ty":"gr","it":[{"ind":0,"ty":"sh","ks":{"a":0,"k":{"i":[[-0.397,-2.81],[0,0],[2.81,-0.394],[0,0],[0.395,2.808],[0,0],[-2.811,0.395],[0,0],[0,0],[0,0]],"o":[[0,0],[0.397,2.81],[0,0],[-2.81,0.394],[0,0],[-0.398,-2.81],[0,0],[0,0],[0,0],[2.811,-0.395]],"v":[[15.104,-41.842],[26.101,36.052],[21.731,41.854],[-9.297,46.216],[-15.103,41.844],[-26.1,-36.051],[-21.731,-41.854],[-16.944,-42.527],[4.511,-45.542],[9.297,-46.215]],"c":true}},"nm":"Path 1","hd":false},{"ty":"st","c":{"a":0,"k":[0.19199999641,0.39199999641,0.455000005984,1]},"o":{"a":0,"k":100},"w":{"a":0,"k":1.724},"lc":1,"lj":1,"ml":4,"bm":0,"nm":"Stroke 1","hd":false},{"ty":"tr","p":{"a":0,"k":[148.471,60.063]},"a":{"a":0,"k":[0,0]},"s":{"a":0,"k":[100,100]},"r":{"a":0,"k":0},"o":{"a":0,"k":100},"sk":{"a":0,"k":0},"sa":{"a":0,"k":0},"nm":"Transform"}],"nm":"Group 19","bm":0,"hd":false},{"ty":"gr","it":[{"ind":0,"ty":"sh","ks":{"a":0,"k":{"i":[[-0.397,-2.81],[0,0],[2.81,-0.394],[0,0],[0.395,2.808],[0,0],[-2.811,0.395],[0,0],[0,0],[0,0]],"o":[[0,0],[0.397,2.81],[0,0],[-2.81,0.394],[0,0],[-0.398,-2.81],[0,0],[0,0],[0,0],[2.811,-0.395]],"v":[[15.104,-41.842],[26.101,36.052],[21.731,41.854],[-9.297,46.216],[-15.103,41.844],[-26.1,-36.051],[-21.731,-41.854],[-16.944,-42.527],[4.511,-45.542],[9.297,-46.215]],"c":true}},"nm":"Path 1","hd":false},{"ty":"fl","c":{"a":0,"k":[0.933000033509,0.995999983245,0.980000035903,1]},"o":{"a":0,"k":100},"r":1,"bm":0,"nm":"Fill 1","hd":false},{"ty":"tr","p":{"a":0,"k":[148.471,60.063]},"a":{"a":0,"k":[0,0]},"s":{"a":0,"k":[100,100]},"r":{"a":0,"k":0},"o":{"a":0,"k":100},"sk":{"a":0,"k":0},"sa":{"a":0,"k":0},"nm":"Transform"}],"nm":"Group 20","bm":0,"hd":false},{"ty":"gr","it":[{"ind":0,"ty":"sh","ks":{"a":0,"k":{"i":[[-3.904,0.549],[0,0],[-0.551,-3.904],[0,0],[3.904,-0.549],[0,0],[0.552,3.903],[0,0]],"o":[[0,0],[3.903,-0.548],[0,0],[0.55,3.903],[0,0],[-3.903,0.549],[0,0],[-0.551,-3.904]],"v":[[-23.14,-44.686],[9.869,-49.325],[17.935,-43.25],[29.212,36.624],[23.141,44.686],[-9.869,49.324],[-17.935,43.25],[-29.211,-36.624]],"c":true}},"nm":"Path 1","hd":false},{"ty":"st","c":{"a":0,"k":[0.19199999641,0.39199999641,0.455000005984,1]},"o":{"a":0,"k":100},"w":{"a":0,"k":1.724},"lc":1,"lj":1,"ml":4,"bm":0,"nm":"Stroke 1","hd":false},{"ty":"tr","p":{"a":0,"k":[148.849,60.347]},"a":{"a":0,"k":[0,0]},"s":{"a":0,"k":[100,100]},"r":{"a":0,"k":0},"o":{"a":0,"k":100},"sk":{"a":0,"k":0},"sa":{"a":0,"k":0},"nm":"Transform"}],"nm":"Group 21","bm":0,"hd":false},{"ty":"gr","it":[{"ind":0,"ty":"sh","ks":{"a":0,"k":{"i":[[-3.904,0.549],[0,0],[-0.551,-3.904],[0,0],[3.904,-0.549],[0,0],[0.552,3.903],[0,0]],"o":[[0,0],[3.903,-0.548],[0,0],[0.55,3.903],[0,0],[-3.903,0.549],[0,0],[-0.551,-3.904]],"v":[[-23.14,-44.686],[9.869,-49.325],[17.935,-43.25],[29.212,36.624],[23.141,44.686],[-9.869,49.324],[-17.935,43.25],[-29.211,-36.624]],"c":true}},"nm":"Path 1","hd":false},{"ty":"fl","c":{"a":0,"k":[1,1,1,1]},"o":{"a":0,"k":100},"r":1,"bm":0,"nm":"Fill 1","hd":false},{"ty":"tr","p":{"a":0,"k":[148.849,60.347]},"a":{"a":0,"k":[0,0]},"s":{"a":0,"k":[100,100]},"r":{"a":0,"k":0},"o":{"a":0,"k":100},"sk":{"a":0,"k":0},"sa":{"a":0,"k":0},"nm":"Transform"}],"nm":"Group 22","bm":0,"hd":false},{"ty":"gr","it":[{"ind":0,"ty":"sh","ks":{"a":0,"k":{"i":[[-3.911,0.549],[0,0],[-0.553,-3.91],[0,0],[3.91,-0.55],[0,0],[0.552,3.91],[0,0]],"o":[[0,0],[3.91,-0.55],[0,0],[0.552,3.91],[0,0],[-3.91,0.549],[0,0],[-0.552,-3.91]],"v":[[-23.142,-44.697],[9.867,-49.336],[17.947,-43.252],[29.223,36.623],[23.142,44.698],[-9.867,49.337],[-17.947,43.253],[-29.223,-36.622]],"c":true}},"nm":"Path 1","hd":false},{"ty":"st","c":{"a":0,"k":[0.19199999641,0.39199999641,0.455000005984,1]},"o":{"a":0,"k":100},"w":{"a":0,"k":1.7},"lc":1,"lj":1,"ml":4,"bm":0,"nm":"Stroke 1","hd":false},{"ty":"tr","p":{"a":0,"k":[149.223,63.987]},"a":{"a":0,"k":[0,0]},"s":{"a":0,"k":[100,100]},"r":{"a":0,"k":0},"o":{"a":0,"k":100},"sk":{"a":0,"k":0},"sa":{"a":0,"k":0},"nm":"Transform"}],"nm":"Group 23","bm":0,"hd":false},{"ty":"gr","it":[{"ind":0,"ty":"sh","ks":{"a":0,"k":{"i":[[-3.911,0.549],[0,0],[-0.553,-3.91],[0,0],[3.91,-0.55],[0,0],[0.552,3.91],[0,0]],"o":[[0,0],[3.91,-0.55],[0,0],[0.552,3.91],[0,0],[-3.91,0.549],[0,0],[-0.552,-3.91]],"v":[[-23.142,-44.697],[9.867,-49.336],[17.947,-43.252],[29.223,36.623],[23.142,44.698],[-9.867,49.337],[-17.947,43.253],[-29.223,-36.622]],"c":true}},"nm":"Path 1","hd":false},{"ty":"fl","c":{"a":0,"k":[0.258999992819,0.795999983245,0.647000002394,1]},"o":{"a":0,"k":100},"r":1,"bm":0,"nm":"Fill 1","hd":false},{"ty":"tr","p":{"a":0,"k":[149.223,63.987]},"a":{"a":0,"k":[0,0]},"s":{"a":0,"k":[100,100]},"r":{"a":0,"k":0},"o":{"a":0,"k":100},"sk":{"a":0,"k":0},"sa":{"a":0,"k":0},"nm":"Transform"}],"nm":"Group 24","bm":0,"hd":false},{"ty":"gr","it":[{"ind":0,"ty":"sh","ks":{"a":0,"k":{"i":[[0,0],[-0.304,-0.304],[0.259,-0.344],[0,0],[0.839,0.84],[-0.951,0.712]],"o":[[0.344,-0.258],[0.305,0.305],[0,0],[-0.712,0.95],[-0.84,-0.84],[0,0]],"v":[[2.833,-4.044],[3.963,-3.964],[4.043,-2.833],[-0.103,2.788],[-3.462,3.462],[-3.253,0.521]],"c":true}},"nm":"Path 1","hd":false},{"ty":"fl","c":{"a":0,"k":[0,0.536999990426,0.481999984442,1]},"o":{"a":0,"k":100},"r":1,"bm":0,"nm":"Fill 1","hd":false},{"ty":"tr","p":{"a":0,"k":[93.5,56.7]},"a":{"a":0,"k":[-2.5,2.4]},"s":{"a":0,"k":[100,100]},"r":{"a":1,"k":[{"i":{"x":[0.667],"y":[1]},"o":{"x":[0.167],"y":[0]},"t":33,"s":[710]},{"i":{"x":[0.667],"y":[1]},"o":{"x":[0.167],"y":[0.167]},"t":60,"s":[710]},{"i":{"x":[0.667],"y":[1]},"o":{"x":[0.167],"y":[0]},"t":63,"s":[720]},{"i":{"x":[0.667],"y":[1]},"o":{"x":[0.167],"y":[0.167]},"t":91,"s":[720]},{"i":{"x":[0.667],"y":[1]},"o":{"x":[0.167],"y":[0]},"t":94,"s":[730]},{"i":{"x":[0.667],"y":[1]},"o":{"x":[0.167],"y":[0.167]},"t":120,"s":[730]},{"i":{"x":[0.667],"y":[1]},"o":{"x":[0.167],"y":[0]},"t":123,"s":[740]},{"i":{"x":[0.667],"y":[1]},"o":{"x":[0.167],"y":[0.167]},"t":150,"s":[740]},{"i":{"x":[0.667],"y":[1]},"o":{"x":[0.167],"y":[0]},"t":153,"s":[750]},{"i":{"x":[0.667],"y":[1]},"o":{"x":[0.167],"y":[0.167]},"t":180,"s":[750]},{"i":{"x":[0.667],"y":[1]},"o":{"x":[0.167],"y":[0]},"t":183,"s":[760]},{"i":{"x":[0.667],"y":[1]},"o":{"x":[0.167],"y":[0.167]},"t":210,"s":[760]},{"i":{"x":[0.667],"y":[1]},"o":{"x":[0.167],"y":[0]},"t":213,"s":[770]},{"i":{"x":[0.667],"y":[1]},"o":{"x":[0.167],"y":[0.167]},"t":240,"s":[770]},{"i":{"x":[0.667],"y":[1]},"o":{"x":[0.167],"y":[0]},"t":243,"s":[780]},{"i":{"x":[0.667],"y":[1]},"o":{"x":[0.167],"y":[0.167]},"t":270,"s":[780]},{"i":{"x":[0.667],"y":[1]},"o":{"x":[0.167],"y":[0]},"t":273,"s":[790]},{"i":{"x":[0.667],"y":[1]},"o":{"x":[0.167],"y":[0.167]},"t":295,"s":[790]},{"t":312.000057147956,"s":[1070]}]},"o":{"a":0,"k":100},"sk":{"a":0,"k":0},"sa":{"a":0,"k":0},"nm":"Transform"}],"nm":"Group 25","bm":0,"hd":false},{"ty":"gr","it":[{"ind":0,"ty":"sh","ks":{"a":0,"k":{"i":[[0,0],[0,0],[0,-7.456],[-7.456,0],[0,0],[0,5.799],[-5.799,0]],"o":[[0,0],[-7.456,0],[0,7.456],[0,0],[-5.799,0],[0,-5.799],[0,0]],"v":[[6.75,-13.5],[6.75,-13.5],[-6.75,0],[6.75,13.5],[6.75,10.5],[-3.75,0],[6.75,-10.5]],"c":true}},"nm":"Path 1","hd":false},{"ty":"fl","c":{"a":0,"k":[0,0.536999990426,0.481999984442,1]},"o":{"a":0,"k":100},"r":1,"bm":0,"nm":"Fill 1","hd":false},{"ty":"tr","p":{"a":0,"k":[86.251,56]},"a":{"a":0,"k":[0,0]},"s":{"a":0,"k":[100,100]},"r":{"a":0,"k":0},"o":{"a":0,"k":100},"sk":{"a":0,"k":0},"sa":{"a":0,"k":0},"nm":"Transform"}],"nm":"Group 26","bm":0,"hd":false},{"ty":"gr","it":[{"ind":0,"ty":"sh","ks":{"a":0,"k":{"i":[[-0.33,0.211],[0.445,0.699],[0.698,-0.446],[0.271,-0.142],[-0.383,-0.734],[-0.735,0.383]],"o":[[0.699,-0.446],[-0.446,-0.699],[-0.258,0.164],[-0.735,0.383],[0.384,0.734],[0.349,-0.183]],"v":[[0.505,11.387],[0.963,9.315],[-1.108,8.858],[-1.901,9.317],[-2.538,11.34],[-0.514,11.977]],"c":true}},"nm":"Path 1","hd":false},{"ind":1,"ty":"sh","ks":{"a":0,"k":{"i":[[-0.182,0.348],[0.735,0.384],[0.383,-0.734],[0.164,-0.258],[-0.699,-0.446],[-0.444,0.698]],"o":[[0.383,-0.736],[-0.733,-0.383],[-0.142,0.271],[-0.447,0.698],[0.697,0.445],[0.211,-0.331]],"v":[[5.226,6.237],[4.59,4.212],[2.567,4.849],[2.109,5.642],[2.566,7.713],[4.636,7.256]],"c":true}},"nm":"Path 2","hd":false},{"ind":2,"ty":"sh","ks":{"a":0,"k":{"i":[[0.009,0.195],[0.828,-0.036],[-0.035,-0.828],[0,-0.154],[0.007,-0.153],[-0.827,-0.036],[-0.035,0.827],[0,0.197]],"o":[[-0.035,-0.828],[-0.827,0.035],[0.007,0.152],[0,0.155],[-0.035,0.827],[0.828,0.035],[0.009,-0.196],[0,-0.196]],"v":[[6.737,-0.588],[5.174,-2.022],[3.74,-0.459],[3.75,0],[3.74,0.46],[5.174,2.023],[6.737,0.589],[6.75,0]],"c":true}},"nm":"Path 3","hd":false},{"ind":3,"ty":"sh","ks":{"a":0,"k":{"i":[[0.211,0.33],[0.697,-0.445],[-0.447,-0.698],[-0.142,-0.271],[-0.733,0.383],[0.383,0.735]],"o":[[-0.444,-0.698],[-0.699,0.446],[0.164,0.257],[0.383,0.735],[0.735,-0.383],[-0.182,-0.349]],"v":[[4.636,-7.255],[2.566,-7.713],[2.109,-5.641],[2.567,-4.848],[4.59,-4.212],[5.226,-6.236]],"c":true}},"nm":"Path 4","hd":false},{"ind":4,"ty":"sh","ks":{"a":0,"k":{"i":[[0.349,0.182],[0.384,-0.734],[-0.735,-0.383],[-0.258,-0.163],[-0.446,0.699],[0.699,0.446]],"o":[[-0.735,-0.383],[-0.383,0.735],[0.271,0.141],[0.698,0.446],[0.445,-0.698],[-0.33,-0.211]],"v":[[-0.514,-11.976],[-2.538,-11.34],[-1.901,-9.316],[-1.108,-8.858],[0.963,-9.315],[0.505,-11.386]],"c":true}},"nm":"Path 5","hd":false},{"ind":5,"ty":"sh","ks":{"a":0,"k":{"i":[[0,0],[-0.153,-0.006],[-0.036,0.828],[0.828,0.036],[0.197,0]],"o":[[0.154,0],[0.827,0.036],[0.035,-0.828],[-0.195,-0.008],[0,0]],"v":[[-6.75,-10.5],[-6.29,-10.49],[-4.727,-11.924],[-6.162,-13.487],[-6.75,-13.5]],"c":true}},"nm":"Path 6","hd":false},{"ind":6,"ty":"sh","ks":{"a":0,"k":{"i":[[0,0],[-0.195,0.008],[0.035,0.827],[0.827,-0.036],[0.154,0]],"o":[[0.197,0],[0.828,-0.036],[-0.036,-0.828],[-0.153,0.006],[0,0]],"v":[[-6.75,13.5],[-6.162,13.488],[-4.727,11.925],[-6.29,10.491],[-6.75,10.5]],"c":true}},"nm":"Path 7","hd":false},{"ty":"mm","mm":1,"nm":"Merge Paths 1","hd":false},{"ty":"fl","c":{"a":0,"k":[0,0.536999990426,0.481999984442,1]},"o":{"a":0,"k":100},"r":1,"bm":0,"nm":"Fill 1","hd":false},{"ty":"tr","p":{"a":0,"k":[99.75,56]},"a":{"a":0,"k":[0,0]},"s":{"a":0,"k":[100,100]},"r":{"a":0,"k":0},"o":{"a":0,"k":100},"sk":{"a":0,"k":0},"sa":{"a":0,"k":0},"nm":"Transform"}],"nm":"Group 27","bm":0,"hd":false},{"ty":"gr","it":[{"ind":0,"ty":"sh","ks":{"a":0,"k":{"i":[[0,0],[0,0],[0,2.872],[-2.882,0],[-0.452,-0.127],[-3.481,0],[0,-4.308],[0,0],[-0.761,0],[0,-2.299],[2.306,0]],"o":[[0,0],[-2.882,0],[0,-2.873],[0.493,0],[1.017,-3.132],[4.323,0],[0,0],[0.614,-0.354],[2.306,0],[0,2.298],[0,0]],"v":[[-8.833,7.801],[-8.872,7.801],[-14.091,2.601],[-8.872,-2.6],[-7.449,-2.405],[0,-7.802],[7.828,0],[7.828,0.036],[9.916,-0.52],[14.091,3.641],[9.916,7.801]],"c":true}},"nm":"Path 1","hd":false},{"ty":"fl","c":{"a":0,"k":[1,1,1,1]},"o":{"a":0,"k":100},"r":1,"bm":0,"nm":"Fill 1","hd":false},{"ty":"tr","p":{"a":0,"k":[74.091,87.801]},"a":{"a":0,"k":[0,0]},"s":{"a":0,"k":[100,100]},"r":{"a":0,"k":0},"o":{"a":0,"k":100},"sk":{"a":0,"k":0},"sa":{"a":0,"k":0},"nm":"Transform"}],"nm":"Group 28","bm":0,"hd":false},{"ty":"gr","it":[{"ind":0,"ty":"sh","ks":{"a":0,"k":{"i":[[0,0],[0,2.872],[-2.882,0],[-0.452,-0.127],[-3.481,0],[0,-4.309],[0,0],[-0.761,0],[0,-2.297],[2.305,0]],"o":[[-2.882,0],[0,-2.872],[0.493,0],[1.017,-3.132],[4.323,0],[0,0],[0.614,-0.354],[2.305,0],[0,2.298],[0,0]],"v":[[-8.872,7.801],[-14.091,2.6],[-8.872,-2.601],[-7.449,-2.405],[0,-7.802],[7.828,0],[7.828,0.036],[9.916,-0.52],[14.091,3.64],[9.916,7.801]],"c":true}},"nm":"Path 1","hd":false},{"ty":"fl","c":{"a":0,"k":[1,1,1,1]},"o":{"a":0,"k":100},"r":1,"bm":0,"nm":"Fill 1","hd":false},{"ty":"tr","p":{"a":0,"k":[167.091,39.801]},"a":{"a":0,"k":[0,0]},"s":{"a":0,"k":[100,100]},"r":{"a":0,"k":0},"o":{"a":0,"k":100},"sk":{"a":0,"k":0},"sa":{"a":0,"k":0},"nm":"Transform"}],"nm":"Group 29","bm":0,"hd":false},{"ty":"gr","it":[{"ind":0,"ty":"sh","ks":{"a":0,"k":{"i":[[-21.078,6.951],[2.365,29.357],[27.324,-13.139],[26.548,0],[2.517,-25.241],[-27.153,-8.154]],"o":[[21.814,-7.195],[-3.596,-44.604],[-37.066,17.824],[-19.773,0],[-1.824,18.295],[49.419,14.839]],"v":[[56.81,46.564],[92.775,-10.294],[17.995,-52.824],[-50.314,-32.078],[-92.737,2.499],[-60.07,44.918]],"c":true}},"nm":"Path 1","hd":false},{"ty":"fl","c":{"a":0,"k":[0.8,0.936999990426,0.922000002394,1]},"o":{"a":0,"k":100},"r":1,"bm":0,"nm":"Fill 1","hd":false},{"ty":"tr","p":{"a":0,"k":[93,58]},"a":{"a":0,"k":[0,0]},"s":{"a":0,"k":[100,100]},"r":{"a":0,"k":0},"o":{"a":0,"k":100},"sk":{"a":0,"k":0},"sa":{"a":0,"k":0},"nm":"Transform"}],"nm":"Group 30","bm":0,"hd":false}],"ip":0,"op":340.000062276618,"st":0,"bm":0}],"markers":[]}